BuildingIndex,Year,Month,Day,Hour,Quarter,P1(Humidity),P2(WindSpeed),P3(Temp),P4(CloudCover),P5(Rain),P6(SolarIrradiation),generation
1,2019,2,6,0,0,40,0.1,3.7,4,0,0,0
1,2019,2,6,0,1,49,1.6,1.6,4,0,0,0
1,2019,2,6,0,2,49,1.6,1.6,4,0,0,0
1,2019,2,6,0,3,49,1.6,1.6,4,0,0,0
1,2019,2,6,1,0,49,1.6,1.6,4,0,0,0
1,2019,2,6,1,1,54,0.6,1.7,4,0,0,0
1,2019,2,6,1,2,54,0.6,1.7,4,0,0,0
1,2019,2,6,1,3,54,0.6,1.7,4,0,0,0
1,2019,2,6,2,0,54,0.6,1.7,4,0,0,0
1,2019,2,6,2,1,62,0.1,1.3,4,0,0,0
1,2019,2,6,2,2,62,0.1,1.3,4,0,0,0
1,2019,2,6,2,3,62,0.1,1.3,4,0,0,0
1,2019,2,6,3,0,62,0.1,1.3,4,0,0,0
1,2019,2,6,3,1,59,0.2,0.8,4,0,0,0
1,2019,2,6,3,2,59,0.2,0.8,4,0,0,0
1,2019,2,6,3,3,59,0.2,0.8,4,0,0,0
1,2019,2,6,4,0,59,0.2,0.8,4,0,0,0
1,2019,2,6,4,1,60,1.1,0.2,2,0,0,0
1,2019,2,6,4,2,60,1.1,0.2,2,0,0,0
1,2019,2,6,4,3,60,1.1,0.2,2,0,0,0
1,2019,2,6,5,0,60,1.1,0.2,2,0,0,0
1,2019,2,6,5,1,57,0.9,0.2,1,0,0,0
1,2019,2,6,5,2,57,0.9,0.2,1,0,0,0
1,2019,2,6,5,3,57,0.9,0.2,1,0,0,0
1,2019,2,6,6,0,57,0.9,0.2,1,0,0,0
1,2019,2,6,6,1,61,0.9,-0.6,3,0,0,0
1,2019,2,6,6,2,61,0.9,-0.6,3,0,0,0
1,2019,2,6,6,3,61,0.9,-0.6,3,0,0,0
1,2019,2,6,7,0,61,0.9,-0.6,3,0,0,0
1,2019,2,6,7,1,61,0.9,-0.6,3,0,0,0
1,2019,2,6,7,2,61,0.9,-0.6,3,0,0,0.4
1,2019,2,6,7,3,61,0.9,-0.6,3,0,0,0.4
1,2019,2,6,8,0,61,0.9,-0.6,3,0,0,0.8
1,2019,2,6,8,1,60,1.7,0.9,1,0,0.48,2.8
1,2019,2,6,8,2,60,1.7,0.9,1,0,0.48,3.6
1,2019,2,6,8,3,60,1.7,0.9,1,0,0.48,5.2
1,2019,2,6,9,0,60,1.7,0.9,1,0,0.48,6.8
1,2019,2,6,9,1,44,0.3,5.4,1,0,1.18,7.6
1,2019,2,6,9,2,44,0.3,5.4,1,0,1.18,9.2
1,2019,2,6,9,3,44,0.3,5.4,1,0,1.18,10
1,2019,2,6,10,0,44,0.3,5.4,1,0,1.18,10.8
1,2019,2,6,10,1,32,1.1,7.7,1,0,1.74,12
1,2019,2,6,10,2,32,1.1,7.7,1,0,1.74,12.4
1,2019,2,6,10,3,32,1.1,7.7,1,0,1.74,13.2
1,2019,2,6,11,0,32,1.1,7.7,1,0,1.74,14
1,2019,2,6,11,1,28,2,9.9,2,0,2.15,14.4
1,2019,2,6,11,2,28,2,9.9,2,0,2.15,14.4
1,2019,2,6,11,3,28,2,9.9,2,0,2.15,15.6
1,2019,2,6,12,0,28,2,9.9,2,0,2.15,15.2
1,2019,2,6,12,1,21,1.3,11.3,2,0,2.21,15.6
1,2019,2,6,12,2,21,1.3,11.3,2,0,2.21,15.2
1,2019,2,6,12,3,21,1.3,11.3,2,0,2.21,14.4
1,2019,2,6,13,0,21,1.3,11.3,2,0,2.21,14.8
1,2019,2,6,13,1,16,0.6,12.1,2,0,1.72,13.6
1,2019,2,6,13,2,16,0.6,12.1,2,0,1.72,9.2
1,2019,2,6,13,3,16,0.6,12.1,2,0,1.72,8.4
1,2019,2,6,14,0,16,0.6,12.1,2,0,1.72,14
1,2019,2,6,14,1,13,1.5,14,2,0,1.73,12.8
1,2019,2,6,14,2,13,1.5,14,2,0,1.73,11.6
1,2019,2,6,14,3,13,1.5,14,2,0,1.73,8.8
1,2019,2,6,15,0,13,1.5,14,2,0,1.73,9.2
1,2019,2,6,15,1,16,2.3,13.8,3,0,1.25,10.4
1,2019,2,6,15,2,16,2.3,13.8,3,0,1.25,9.2
1,2019,2,6,15,3,16,2.3,13.8,3,0,1.25,6
1,2019,2,6,16,0,16,2.3,13.8,3,0,1.25,3.2
1,2019,2,6,16,1,17,2.7,13.7,3,0,0.48,3.2
1,2019,2,6,16,2,17,2.7,13.7,3,0,0.48,2.8
1,2019,2,6,16,3,17,2.7,13.7,3,0,0.48,2
1,2019,2,6,17,0,17,2.7,13.7,3,0,0.48,1.6
1,2019,2,6,17,1,19,1.8,12.2,3,0,0.09,0.8
1,2019,2,6,17,2,19,1.8,12.2,3,0,0.09,0
1,2019,2,6,17,3,19,1.8,12.2,3,0,0.09,0
1,2019,2,6,18,0,19,1.8,12.2,3,0,0.09,0
1,2019,2,6,18,1,23,0.2,10.6,2,0,0,0
1,2019,2,6,18,2,23,0.2,10.6,2,0,0,0
1,2019,2,6,18,3,23,0.2,10.6,2,0,0,0
1,2019,2,6,19,0,23,0.2,10.6,2,0,0,0
1,2019,2,6,19,1,29,0.3,9.3,4,0,0,0
1,2019,2,6,19,2,29,0.3,9.3,4,0,0,0
1,2019,2,6,19,3,29,0.3,9.3,4,0,0,0
1,2019,2,6,20,0,29,0.3,9.3,4,0,0,0
1,2019,2,6,20,1,34,0.2,8.3,3,0,0,0
1,2019,2,6,20,2,34,0.2,8.3,3,0,0,0
1,2019,2,6,20,3,34,0.2,8.3,3,0,0,0
1,2019,2,6,21,0,34,0.2,8.3,3,0,0,0
1,2019,2,6,21,1,39,0.4,7,4,0,0,0
1,2019,2,6,21,2,39,0.4,7,4,0,0,0
1,2019,2,6,21,3,39,0.4,7,4,0,0,0
1,2019,2,6,22,0,39,0.4,7,4,0,0,0
1,2019,2,6,22,1,42,0.2,6.4,4,0,0,0
1,2019,2,6,22,2,42,0.2,6.4,4,0,0,0
1,2019,2,6,22,3,42,0.2,6.4,4,0,0,0
1,2019,2,6,23,0,42,0.2,6.4,4,0,0,0
1,2019,2,6,23,1,42,0.2,6.4,4,0,0,0
1,2019,2,6,23,2,42,0.2,6.4,4,0,0,0
1,2019,2,6,23,3,42,0.2,6.4,4,0,0,0
1,2019,2,7,0,0,42,0.2,6.4,4,0,0,0
1,2019,2,7,0,1,52,0.5,5,4,0,0,0
1,2019,2,7,0,2,52,0.5,5,4,0,0,0
1,2019,2,7,0,3,52,0.5,5,4,0,0,0
1,2019,2,7,1,0,52,0.5,5,4,0,0,0
1,2019,2,7,1,1,55,0.2,4.5,4,0,0,0
1,2019,2,7,1,2,55,0.2,4.5,4,0,0,0
1,2019,2,7,1,3,55,0.2,4.5,4,0,0,0
1,2019,2,7,2,0,55,0.2,4.5,4,0,0,0
1,2019,2,7,2,1,57,0.9,4.6,4,0,0,0
1,2019,2,7,2,2,57,0.9,4.6,4,0,0,0
1,2019,2,7,2,3,57,0.9,4.6,4,0,0,0
1,2019,2,7,3,0,57,0.9,4.6,4,0,0,0
1,2019,2,7,3,1,59,0.7,5,4,0,0,0
1,2019,2,7,3,2,59,0.7,5,4,0,0,0
1,2019,2,7,3,3,59,0.7,5,4,0,0,0
1,2019,2,7,4,0,59,0.7,5,4,0,0,0
1,2019,2,7,4,1,62,0.1,4.3,4,0,0,0
1,2019,2,7,4,2,62,0.1,4.3,4,0,0,0
1,2019,2,7,4,3,62,0.1,4.3,4,0,0,0
1,2019,2,7,5,0,62,0.1,4.3,4,0,0,0
1,2019,2,7,5,1,64,0.1,4.3,4,0,0,0
1,2019,2,7,5,2,64,0.1,4.3,4,0,0,0
1,2019,2,7,5,3,64,0.1,4.3,4,0,0,0
1,2019,2,7,6,0,64,0.1,4.3,4,0,0,0
1,2019,2,7,6,1,65,0.7,4.7,4,0,0,0
1,2019,2,7,6,2,65,0.7,4.7,4,0,0,0
1,2019,2,7,6,3,65,0.7,4.7,4,0,0,0
1,2019,2,7,7,0,65,0.7,4.7,4,0,0,0
1,2019,2,7,7,1,68,1.3,4.7,3,0,0.01,0
1,2019,2,7,7,2,68,1.3,4.7,3,0,0.01,0
1,2019,2,7,7,3,68,1.3,4.7,3,0,0.01,0.4
1,2019,2,7,8,0,68,1.3,4.7,3,0,0.01,1.2
1,2019,2,7,8,1,64,1.3,6.2,3,0,0.32,1.2
1,2019,2,7,8,2,64,1.3,6.2,3,0,0.32,2.4
1,2019,2,7,8,3,64,1.3,6.2,3,0,0.32,2
1,2019,2,7,9,0,64,1.3,6.2,3,0,0.32,1.6
1,2019,2,7,9,1,63,4.1,8.2,4,0,0.43,0.8
1,2019,2,7,9,2,63,4.1,8.2,4,0,0.43,3.2
1,2019,2,7,9,3,63,4.1,8.2,4,0,0.43,2.8
1,2019,2,7,10,0,63,4.1,8.2,4,0,0.43,0.8
1,2019,2,7,10,1,55,5.4,7.4,4,0,0.46,2
1,2019,2,7,10,2,55,5.4,7.4,4,0,0.46,2.8
1,2019,2,7,10,3,55,5.4,7.4,4,0,0.46,4.8
1,2019,2,7,11,0,55,5.4,7.4,4,0,0.46,4.8
1,2019,2,7,11,1,48,5.5,6.8,4,0,1.08,5.6
1,2019,2,7,11,2,48,5.5,6.8,4,0,1.08,4.4
1,2019,2,7,11,3,48,5.5,6.8,4,0,1.08,5.6
1,2019,2,7,12,0,48,5.5,6.8,4,0,1.08,8
1,2019,2,7,12,1,34,4.6,7.6,3,0,1.8,11.6
1,2019,2,7,12,2,34,4.6,7.6,3,0,1.8,16
1,2019,2,7,12,3,34,4.6,7.6,3,0,1.8,14
1,2019,2,7,13,0,34,4.6,7.6,3,0,1.8,13.6
1,2019,2,7,13,1,32,5,7,4,0,1.75,13.6
1,2019,2,7,13,2,32,5,7,4,0,1.75,10.8
1,2019,2,7,13,3,32,5,7,4,0,1.75,8
1,2019,2,7,14,0,32,5,7,4,0,1.75,6.4
1,2019,2,7,14,1,31,5.5,6.3,4,0,0.99,6.8
1,2019,2,7,14,2,31,5.5,6.3,4,0,0.99,4.8
1,2019,2,7,14,3,31,5.5,6.3,4,0,0.99,4
1,2019,2,7,15,0,31,5.5,6.3,4,0,0.99,4
1,2019,2,7,15,1,27,5.4,6.2,3,0,0.77,3.6
1,2019,2,7,15,2,27,5.4,6.2,3,0,0.77,4.4
1,2019,2,7,15,3,27,5.4,6.2,3,0,0.77,5.2
1,2019,2,7,16,0,27,5.4,6.2,3,0,0.77,5.2
1,2019,2,7,16,1,19,5.6,5.2,2,0,0.63,4.4
1,2019,2,7,16,2,19,5.6,5.2,2,0,0.63,4
1,2019,2,7,16,3,19,5.6,5.2,2,0,0.63,3.6
1,2019,2,7,17,0,19,5.6,5.2,2,0,0.63,2
1,2019,2,7,17,1,16,5.2,3.9,1,0,0.17,2
1,2019,2,7,17,2,16,5.2,3.9,1,0,0.17,1.2
1,2019,2,7,17,3,16,5.2,3.9,1,0,0.17,0
1,2019,2,7,18,0,16,5.2,3.9,1,0,0.17,0
1,2019,2,7,18,1,19,2.9,2.5,1,0,0,0
1,2019,2,7,18,2,19,2.9,2.5,1,0,0,0
1,2019,2,7,18,3,19,2.9,2.5,1,0,0,0
1,2019,2,7,19,0,19,2.9,2.5,1,0,0,0
1,2019,2,7,19,1,19,4.4,1.6,1,0,0,0
1,2019,2,7,19,2,19,4.4,1.6,1,0,0,0
1,2019,2,7,19,3,19,4.4,1.6,1,0,0,0
1,2019,2,7,20,0,19,4.4,1.6,1,0,0,0
1,2019,2,7,20,1,20,4.3,0.6,2,0,0,0
1,2019,2,7,20,2,20,4.3,0.6,2,0,0,0
1,2019,2,7,20,3,20,4.3,0.6,2,0,0,0
1,2019,2,7,21,0,20,4.3,0.6,2,0,0,0
1,2019,2,7,21,1,21,4.2,-0.1,3,0,0,0
1,2019,2,7,21,2,21,4.2,-0.1,3,0,0,0
1,2019,2,7,21,3,21,4.2,-0.1,3,0,0,0
1,2019,2,7,22,0,21,4.2,-0.1,3,0,0,0
1,2019,2,7,22,1,26,3.6,-1,2,0,0,0
1,2019,2,7,22,2,26,3.6,-1,2,0,0,0
1,2019,2,7,22,3,26,3.6,-1,2,0,0,0
1,2019,2,7,23,0,26,3.6,-1,2,0,0,0
1,2019,2,7,23,1,26,3.6,-1,2,0,0,0
1,2019,2,7,23,2,26,3.6,-1,2,0,0,0
1,2019,2,7,23,3,26,3.6,-1,2,0,0,0
1,2019,2,8,0,0,26,3.6,-1,2,0,0,0
1,2019,2,8,0,1,30,3.1,-2.5,4,0,0,0
1,2019,2,8,0,2,30,3.1,-2.5,4,0,0,0
1,2019,2,8,0,3,30,3.1,-2.5,4,0,0,0
1,2019,2,8,1,0,30,3.1,-2.5,4,0,0,0
1,2019,2,8,1,1,31,5.2,-3.2,3,0,0,0
1,2019,2,8,1,2,31,5.2,-3.2,3,0,0,0
1,2019,2,8,1,3,31,5.2,-3.2,3,0,0,0
1,2019,2,8,2,0,31,5.2,-3.2,3,0,0,0
1,2019,2,8,2,1,32,3.9,-3.5,3,0,0,0
1,2019,2,8,2,2,32,3.9,-3.5,3,0,0,0
1,2019,2,8,2,3,32,3.9,-3.5,3,0,0,0
1,2019,2,8,3,0,32,3.9,-3.5,3,0,0,0
1,2019,2,8,3,1,33,5.1,-3.9,3,0,0,0
1,2019,2,8,3,2,33,5.1,-3.9,3,0,0,0
1,2019,2,8,3,3,33,5.1,-3.9,3,0,0,0
1,2019,2,8,4,0,33,5.1,-3.9,3,0,0,0
1,2019,2,8,4,1,31,3.5,-3.9,4,0,0,0
1,2019,2,8,4,2,31,3.5,-3.9,4,0,0,0
1,2019,2,8,4,3,31,3.5,-3.9,4,0,0,0
1,2019,2,8,5,0,31,3.5,-3.9,4,0,0,0
1,2019,2,8,5,1,30,4.2,-4,4,0,0,0
1,2019,2,8,5,2,30,4.2,-4,4,0,0,0
1,2019,2,8,5,3,30,4.2,-4,4,0,0,0
1,2019,2,8,6,0,30,4.2,-4,4,0,0,0
1,2019,2,8,6,1,28,3.1,-3.9,4,0,0,0
1,2019,2,8,6,2,28,3.1,-3.9,4,0,0,0
1,2019,2,8,6,3,28,3.1,-3.9,4,0,0,0
1,2019,2,8,7,0,28,3.1,-3.9,4,0,0,0
1,2019,2,8,7,1,30,2.1,-3.5,4,0,0,0
1,2019,2,8,7,2,30,2.1,-3.5,4,0,0,0
1,2019,2,8,7,3,30,2.1,-3.5,4,0,0,0
1,2019,2,8,8,0,30,2.1,-3.5,4,0,0,0.4
1,2019,2,8,8,1,28,1.7,-3.4,4,0,0.17,0.8
1,2019,2,8,8,2,28,1.7,-3.4,4,0,0.17,0.8
1,2019,2,8,8,3,28,1.7,-3.4,4,0,0.17,1.2
1,2019,2,8,9,0,28,1.7,-3.4,4,0,0.17,2.8
1,2019,2,8,9,1,25,1.5,-2.1,2,0,0.84,4.8
1,2019,2,8,9,2,25,1.5,-2.1,2,0,0.84,6.8
1,2019,2,8,9,3,25,1.5,-2.1,2,0,0.84,7.6
1,2019,2,8,10,0,25,1.5,-2.1,2,0,0.84,10.4
1,2019,2,8,10,1,22,1.5,-0.1,2,0,1.75,12.4
1,2019,2,8,10,2,22,1.5,-0.1,2,0,1.75,12.8
1,2019,2,8,10,3,22,1.5,-0.1,2,0,1.75,13.6
1,2019,2,8,11,0,22,1.5,-0.1,2,0,1.75,14
1,2019,2,8,11,1,19,1.6,0.8,2,0,2.13,14.4
1,2019,2,8,11,2,19,1.6,0.8,2,0,2.13,15.2
1,2019,2,8,11,3,19,1.6,0.8,2,0,2.13,15.2
1,2019,2,8,12,0,19,1.6,0.8,2,0,2.13,15.6
1,2019,2,8,12,1,16,1.3,2.8,1,0,2.31,16.4
1,2019,2,8,12,2,16,1.3,2.8,1,0,2.31,16.4
1,2019,2,8,12,3,16,1.3,2.8,1,0,2.31,16.4
1,2019,2,8,13,0,16,1.3,2.8,1,0,2.31,16.4
1,2019,2,8,13,1,20,1.4,3.5,1,0,2.22,16
1,2019,2,8,13,2,20,1.4,3.5,1,0,2.22,15.6
1,2019,2,8,13,3,20,1.4,3.5,1,0,2.22,14.8
1,2019,2,8,14,0,20,1.4,3.5,1,0,2.22,14.8
1,2019,2,8,14,1,23,0.9,4.8,1,0,1.92,14
1,2019,2,8,14,2,23,0.9,4.8,1,0,1.92,13.2
1,2019,2,8,14,3,23,0.9,4.8,1,0,1.92,12.8
1,2019,2,8,15,0,23,0.9,4.8,1,0,1.92,11.6
1,2019,2,8,15,1,16,0.9,4.8,1,0,1.33,10.4
1,2019,2,8,15,2,16,0.9,4.8,1,0,1.33,10
1,2019,2,8,15,3,16,0.9,4.8,1,0,1.33,6.8
1,2019,2,8,16,0,16,0.9,4.8,1,0,1.33,7.2
1,2019,2,8,16,1,15,0.8,4.3,1,0,0.69,5.6
1,2019,2,8,16,2,15,0.8,4.3,1,0,0.69,4
1,2019,2,8,16,3,15,0.8,4.3,1,0,0.69,2.8
1,2019,2,8,17,0,15,0.8,4.3,1,0,0.69,2
1,2019,2,8,17,1,17,1.6,3.5,1,0,0.12,1.2
1,2019,2,8,17,2,17,1.6,3.5,1,0,0.12,0.4
1,2019,2,8,17,3,17,1.6,3.5,1,0,0.12,0
1,2019,2,8,18,0,17,1.6,3.5,1,0,0.12,0
1,2019,2,8,18,1,17,1.9,2.6,2,0,0,0
1,2019,2,8,18,2,17,1.9,2.6,2,0,0,0
1,2019,2,8,18,3,17,1.9,2.6,2,0,0,0
1,2019,2,8,19,0,17,1.9,2.6,2,0,0,0
1,2019,2,8,19,1,23,1.2,2.1,3,0,0,0
1,2019,2,8,19,2,23,1.2,2.1,3,0,0,0
1,2019,2,8,19,3,23,1.2,2.1,3,0,0,0
1,2019,2,8,20,0,23,1.2,2.1,3,0,0,0
1,2019,2,8,20,1,29,0.3,1.2,3,0,0,0
1,2019,2,8,20,2,29,0.3,1.2,3,0,0,0
1,2019,2,8,20,3,29,0.3,1.2,3,0,0,0
1,2019,2,8,21,0,29,0.3,1.2,3,0,0,0
1,2019,2,8,21,1,28,0.2,0.9,4,0,0,0
1,2019,2,8,21,2,28,0.2,0.9,4,0,0,0
1,2019,2,8,21,3,28,0.2,0.9,4,0,0,0
1,2019,2,8,22,0,28,0.2,0.9,4,0,0,0
1,2019,2,8,22,1,30,0.8,0.5,4,0,0,0
1,2019,2,8,22,2,30,0.8,0.5,4,0,0,0
1,2019,2,8,22,3,30,0.8,0.5,4,0,0,0
1,2019,2,8,23,0,30,0.8,0.5,4,0,0,0
1,2019,2,8,23,1,30,0.8,0.5,4,0,0,0
1,2019,2,8,23,2,30,0.8,0.5,4,0,0,0
1,2019,2,8,23,3,30,0.8,0.5,4,0,0,0
1,2019,2,9,0,0,30,0.8,0.5,4,0,0,0
1,2019,2,9,0,1,37,0.1,0.2,4,0,0,0
1,2019,2,9,0,2,37,0.1,0.2,4,0,0,0
1,2019,2,9,0,3,37,0.1,0.2,4,0,0,0
1,2019,2,9,1,0,37,0.1,0.2,4,0,0,0
1,2019,2,9,1,1,37,0.2,0.2,4,0,0,0
1,2019,2,9,1,2,37,0.2,0.2,4,0,0,0
1,2019,2,9,1,3,37,0.2,0.2,4,0,0,0
1,2019,2,9,2,0,37,0.2,0.2,4,0,0,0
1,2019,2,9,2,1,21,2.5,0.8,4,0,0,0
1,2019,2,9,2,2,21,2.5,0.8,4,0,0,0
1,2019,2,9,2,3,21,2.5,0.8,4,0,0,0
1,2019,2,9,3,0,21,2.5,0.8,4,0,0,0
1,2019,2,9,3,1,21,2.1,0.6,4,0,0,0
1,2019,2,9,3,2,21,2.1,0.6,4,0,0,0
1,2019,2,9,3,3,21,2.1,0.6,4,0,0,0
1,2019,2,9,4,0,21,2.1,0.6,4,0,0,0
1,2019,2,9,4,1,21,2.2,0.4,4,0,0,0
1,2019,2,9,4,2,21,2.2,0.4,4,0,0,0
1,2019,2,9,4,3,21,2.2,0.4,4,0,0,0
1,2019,2,9,5,0,21,2.2,0.4,4,0,0,0
1,2019,2,9,5,1,18,3.6,-0.1,4,0,0,0
1,2019,2,9,5,2,18,3.6,-0.1,4,0,0,0
1,2019,2,9,5,3,18,3.6,-0.1,4,0,0,0
1,2019,2,9,6,0,18,3.6,-0.1,4,0,0,0
1,2019,2,9,6,1,18,2.8,-0.7,4,0,0,0
1,2019,2,9,6,2,18,2.8,-0.7,4,0,0,0
1,2019,2,9,6,3,18,2.8,-0.7,4,0,0,0
1,2019,2,9,7,0,18,2.8,-0.7,4,0,0,0
1,2019,2,9,7,1,20,4.4,-1,3,0,0.02,0
1,2019,2,9,7,2,20,4.4,-1,3,0,0.02,0
1,2019,2,9,7,3,20,4.4,-1,3,0,0.02,0.4
1,2019,2,9,8,0,20,4.4,-1,3,0,0.02,0.8
1,2019,2,9,8,1,25,3.9,-1.2,3,0,0.37,2
1,2019,2,9,8,2,25,3.9,-1.2,3,0,0.37,2.4
1,2019,2,9,8,3,25,3.9,-1.2,3,0,0.37,3.2
1,2019,2,9,9,0,25,3.9,-1.2,3,0,0.37,4.4
1,2019,2,9,9,1,30,5.6,-1.1,1,0,1.13,8
1,2019,2,9,9,2,30,5.6,-1.1,1,0,1.13,8.8
1,2019,2,9,9,3,30,5.6,-1.1,1,0,1.13,10
1,2019,2,9,10,0,30,5.6,-1.1,1,0,1.13,11.2
1,2019,2,9,10,1,29,5.4,-1.1,1,0,1.81,12.4
1,2019,2,9,10,2,29,5.4,-1.1,1,0,1.81,13.6
1,2019,2,9,10,3,29,5.4,-1.1,1,0,1.81,14.4
1,2019,2,9,11,0,29,5.4,-1.1,1,0,1.81,14.8
1,2019,2,9,11,1,27,4.7,1,1,0,2.2,15.2
1,2019,2,9,11,2,27,4.7,1,1,0,2.2,16
1,2019,2,9,11,3,27,4.7,1,1,0,2.2,16
1,2019,2,9,12,0,27,4.7,1,1,0,2.2,16.8
1,2019,2,9,12,1,19,6.2,1.3,1,0,2.41,17.6
1,2019,2,9,12,2,19,6.2,1.3,1,0,2.41,17.6
1,2019,2,9,12,3,19,6.2,1.3,1,0,2.41,17.2
1,2019,2,9,13,0,19,6.2,1.3,1,0,2.41,17.6
1,2019,2,9,13,1,17,4.6,2.1,1,0,2.35,17.6
1,2019,2,9,13,2,17,4.6,2.1,1,0,2.35,17.2
1,2019,2,9,13,3,17,4.6,2.1,1,0,2.35,16.4
1,2019,2,9,14,0,17,4.6,2.1,1,0,2.35,15.6
1,2019,2,9,14,1,17,5.8,2,1,0,1.98,14.8
1,2019,2,9,14,2,17,5.8,2,1,0,1.98,14
1,2019,2,9,14,3,17,5.8,2,1,0,1.98,13.2
1,2019,2,9,15,0,17,5.8,2,1,0,1.98,12
1,2019,2,9,15,1,17,4.7,2.3,1,0,1.31,0.8
1,2019,2,9,15,2,17,4.7,2.3,1,0,1.31,0
1,2019,2,9,15,3,17,4.7,2.3,1,0,1.31,0
1,2019,2,9,16,0,17,4.7,2.3,1,0,1.31,0
1,2019,2,9,16,1,18,4.9,1.9,1,0,0.66,0
1,2019,2,9,16,2,18,4.9,1.9,1,0,0.66,0
1,2019,2,9,16,3,18,4.9,1.9,1,0,0.66,0
1,2019,2,9,17,0,18,4.9,1.9,1,0,0.66,0
1,2019,2,9,17,1,20,3.4,0.9,1,0,0.18,0
1,2019,2,9,17,2,20,3.4,0.9,1,0,0.18,0
1,2019,2,9,17,3,20,3.4,0.9,1,0,0.18,0
1,2019,2,9,18,0,20,3.4,0.9,1,0,0.18,0
1,2019,2,9,18,1,22,3,0.9,1,0,0,0
1,2019,2,9,18,2,22,3,0.9,1,0,0,0
1,2019,2,9,18,3,22,3,0.9,1,0,0,0
1,2019,2,9,19,0,22,3,0.9,1,0,0,0
1,2019,2,9,19,1,24,2,-0.7,1,0,0,0
1,2019,2,9,19,2,24,2,-0.7,1,0,0,0
1,2019,2,9,19,3,24,2,-0.7,1,0,0,0
1,2019,2,9,20,0,24,2,-0.7,1,0,0,0
1,2019,2,9,20,1,25,3.3,-0.7,3,0,0,0
1,2019,2,9,20,2,25,3.3,-0.7,3,0,0,0
1,2019,2,9,20,3,25,3.3,-0.7,3,0,0,0
1,2019,2,9,21,0,25,3.3,-0.7,3,0,0,0
1,2019,2,9,21,1,26,2.2,-1,4,0,0,0
1,2019,2,9,21,2,26,2.2,-1,4,0,0,0
1,2019,2,9,21,3,26,2.2,-1,4,0,0,0
1,2019,2,9,22,0,26,2.2,-1,4,0,0,0
1,2019,2,9,22,1,27,2.6,-1.2,4,0,0,0
1,2019,2,9,22,2,27,2.6,-1.2,4,0,0,0
1,2019,2,9,22,3,27,2.6,-1.2,4,0,0,0
1,2019,2,9,23,0,27,2.6,-1.2,4,0,0,0
1,2019,2,9,23,1,27,2.6,-1.2,4,0,0,0
1,2019,2,9,23,2,27,2.6,-1.2,4,0,0,0
1,2019,2,9,23,3,27,2.6,-1.2,4,0,0,0
1,2019,2,10,0,0,27,2.6,-1.2,4,0,0,0
1,2019,2,10,0,1,28,3.8,-1.8,4,0,0,0
1,2019,2,10,0,2,28,3.8,-1.8,4,0,0,0
1,2019,2,10,0,3,28,3.8,-1.8,4,0,0,0
1,2019,2,10,1,0,28,3.8,-1.8,4,0,0,0
1,2019,2,10,1,1,28,2.7,-1.9,4,0,0,0
1,2019,2,10,1,2,28,2.7,-1.9,4,0,0,0
1,2019,2,10,1,3,28,2.7,-1.9,4,0,0,0
1,2019,2,10,2,0,28,2.7,-1.9,4,0,0,0
1,2019,2,10,2,1,27,3.4,-2.3,3,0,0,0
1,2019,2,10,2,2,27,3.4,-2.3,3,0,0,0
1,2019,2,10,2,3,27,3.4,-2.3,3,0,0,0
1,2019,2,10,3,0,27,3.4,-2.3,3,0,0,0
1,2019,2,10,3,1,28,3.2,-2.5,3,0,0,0
1,2019,2,10,3,2,28,3.2,-2.5,3,0,0,0
1,2019,2,10,3,3,28,3.2,-2.5,3,0,0,0
1,2019,2,10,4,0,28,3.2,-2.5,3,0,0,0
1,2019,2,10,4,1,28,2.8,-2.8,1,0,0,0
1,2019,2,10,4,2,28,2.8,-2.8,1,0,0,0
1,2019,2,10,4,3,28,2.8,-2.8,1,0,0,0
1,2019,2,10,5,0,28,2.8,-2.8,1,0,0,0
1,2019,2,10,5,1,28,2.1,-3.1,2,0,0,0
1,2019,2,10,5,2,28,2.1,-3.1,2,0,0,0
1,2019,2,10,5,3,28,2.1,-3.1,2,0,0,0
1,2019,2,10,6,0,28,2.1,-3.1,2,0,0,0
1,2019,2,10,6,1,41,0.4,-4.2,2,0,0,0
1,2019,2,10,6,2,41,0.4,-4.2,2,0,0,0
1,2019,2,10,6,3,41,0.4,-4.2,2,0,0,0
1,2019,2,10,7,0,41,0.4,-4.2,2,0,0,0
1,2019,2,10,7,1,31,0.9,-2.9,1,0,0.08,0
1,2019,2,10,7,2,31,0.9,-2.9,1,0,0.08,0.8
1,2019,2,10,7,3,31,0.9,-2.9,1,0,0.08,0.8
1,2019,2,10,8,0,31,0.9,-2.9,1,0,0.08,1.2
1,2019,2,10,8,1,28,2.3,-2.2,1,0,0.5,2
1,2019,2,10,8,2,28,2.3,-2.2,1,0,0.5,3.6
1,2019,2,10,8,3,28,2.3,-2.2,1,0,0.5,5.2
1,2019,2,10,9,0,28,2.3,-2.2,1,0,0.5,5.6
1,2019,2,10,9,1,26,0.9,-1.3,3,0,0.91,7.2
1,2019,2,10,9,2,26,0.9,-1.3,3,0,0.91,5.6
1,2019,2,10,9,3,26,0.9,-1.3,3,0,0.91,4.8
1,2019,2,10,10,0,26,0.9,-1.3,3,0,0.91,6.4
1,2019,2,10,10,1,24,1,0.1,3,0,1.37,7.6
1,2019,2,10,10,2,24,1,0.1,3,0,1.37,10.4
1,2019,2,10,10,3,24,1,0.1,3,0,1.37,8.8
1,2019,2,10,11,0,24,1,0.1,3,0,1.37,7.6
1,2019,2,10,11,1,23,1,1.6,3,0,1.29,7.6
1,2019,2,10,11,2,23,1,1.6,3,0,1.29,6.8
1,2019,2,10,11,3,23,1,1.6,3,0,1.29,6.8
1,2019,2,10,12,0,23,1,1.6,3,0,1.29,5.6
1,2019,2,10,12,1,24,1.2,2.6,3,0,1.35,6
1,2019,2,10,12,2,24,1.2,2.6,3,0,1.35,9.2
1,2019,2,10,12,3,24,1.2,2.6,3,0,1.35,12.8
1,2019,2,10,13,0,24,1.2,2.6,3,0,1.35,13.2
1,2019,2,10,13,1,31,1,3.7,4,0,1.19,6.8
1,2019,2,10,13,2,31,1,3.7,4,0,1.19,6
1,2019,2,10,13,3,31,1,3.7,4,0,1.19,4.8
1,2019,2,10,14,0,31,1,3.7,4,0,1.19,6.4
1,2019,2,10,14,1,32,0.8,4.5,4,0,0.88,4.4
1,2019,2,10,14,2,32,0.8,4.5,4,0,0.88,4.4
1,2019,2,10,14,3,32,0.8,4.5,4,0,0.88,6.4
1,2019,2,10,15,0,32,0.8,4.5,4,0,0.88,4.8
1,2019,2,10,15,1,38,1.9,4.2,4,0,0.53,2.4
1,2019,2,10,15,2,38,1.9,4.2,4,0,0.53,2.4
1,2019,2,10,15,3,38,1.9,4.2,4,0,0.53,2
1,2019,2,10,16,0,38,1.9,4.2,4,0,0.53,1.6
1,2019,2,10,16,1,38,0.7,4.2,4,0,0.25,1.6
1,2019,2,10,16,2,38,0.7,4.2,4,0,0.25,0.8
1,2019,2,10,16,3,38,0.7,4.2,4,0,0.25,0.8
1,2019,2,10,17,0,38,0.7,4.2,4,0,0.25,0.4
1,2019,2,10,17,1,38,1.2,4,4,0,0.03,0.4
1,2019,2,10,17,2,38,1.2,4,4,0,0.03,0
1,2019,2,10,17,3,38,1.2,4,4,0,0.03,0
1,2019,2,10,18,0,38,1.2,4,4,0,0.03,0
1,2019,2,10,18,1,29,1.9,3.5,4,0,0,0
1,2019,2,10,18,2,29,1.9,3.5,4,0,0,0
1,2019,2,10,18,3,29,1.9,3.5,4,0,0,0
1,2019,2,10,19,0,29,1.9,3.5,4,0,0,0
1,2019,2,10,19,1,29,1.2,3.3,4,0,0,0
1,2019,2,10,19,2,29,1.2,3.3,4,0,0,0
1,2019,2,10,19,3,29,1.2,3.3,4,0,0,0
1,2019,2,10,20,0,29,1.2,3.3,4,0,0,0
1,2019,2,10,20,1,30,1.1,3.1,4,0,0,0
1,2019,2,10,20,2,30,1.1,3.1,4,0,0,0
1,2019,2,10,20,3,30,1.1,3.1,4,0,0,0
1,2019,2,10,21,0,30,1.1,3.1,4,0,0,0
1,2019,2,10,21,1,29,2,3.3,4,0,0,0
1,2019,2,10,21,2,29,2,3.3,4,0,0,0
1,2019,2,10,21,3,29,2,3.3,4,0,0,0
1,2019,2,10,22,0,29,2,3.3,4,0,0,0
1,2019,2,10,22,1,32,2.1,2.6,4,0,0,0
1,2019,2,10,22,2,32,2.1,2.6,4,0,0,0
1,2019,2,10,22,3,32,2.1,2.6,4,0,0,0
1,2019,2,10,23,0,32,2.1,2.6,4,0,0,0
1,2019,2,10,23,1,32,2.1,2.6,4,0,0,0
1,2019,2,10,23,2,32,2.1,2.6,4,0,0,0
1,2019,2,10,23,3,32,2.1,2.6,4,0,0,0
1,2019,2,11,0,0,32,2.1,2.6,4,0,0,0
1,2019,2,11,0,1,27,3.5,1.4,4,0,0,0
1,2019,2,11,0,2,27,3.5,1.4,4,0,0,0
1,2019,2,11,0,3,27,3.5,1.4,4,0,0,0
1,2019,2,11,1,0,27,3.5,1.4,4,0,0,0
1,2019,2,11,1,1,31,3.4,0.8,4,0,0,0
1,2019,2,11,1,2,31,3.4,0.8,4,0,0,0
1,2019,2,11,1,3,31,3.4,0.8,4,0,0,0
1,2019,2,11,2,0,31,3.4,0.8,4,0,0,0
1,2019,2,11,2,1,34,4.2,0.2,1,0,0,0
1,2019,2,11,2,2,34,4.2,0.2,1,0,0,0
1,2019,2,11,2,3,34,4.2,0.2,1,0,0,0
1,2019,2,11,3,0,34,4.2,0.2,1,0,0,0
1,2019,2,11,3,1,37,3.1,-0.5,1,0,0,0
1,2019,2,11,3,2,37,3.1,-0.5,1,0,0,0
1,2019,2,11,3,3,37,3.1,-0.5,1,0,0,0
1,2019,2,11,4,0,37,3.1,-0.5,1,0,0,0
1,2019,2,11,4,1,33,3.4,-1.2,2,0,0,0
1,2019,2,11,4,2,33,3.4,-1.2,2,0,0,0
1,2019,2,11,4,3,33,3.4,-1.2,2,0,0,0
1,2019,2,11,5,0,33,3.4,-1.2,2,0,0,0
1,2019,2,11,5,1,29,4.6,-1.8,1,0,0,0
1,2019,2,11,5,2,29,4.6,-1.8,1,0,0,0
1,2019,2,11,5,3,29,4.6,-1.8,1,0,0,0
1,2019,2,11,6,0,29,4.6,-1.8,1,0,0,0
1,2019,2,11,6,1,30,3.6,-2.7,1,0,0,0
1,2019,2,11,6,2,30,3.6,-2.7,1,0,0,0
1,2019,2,11,6,3,30,3.6,-2.7,1,0,0,0
1,2019,2,11,7,0,30,3.6,-2.7,1,0,0,0
1,2019,2,11,7,1,30,3.6,-2.7,1,0,0,0.4
1,2019,2,11,7,2,30,3.6,-2.7,1,0,0,0
1,2019,2,11,7,3,30,3.6,-2.7,1,0,0,0.8
1,2019,2,11,8,0,30,3.6,-2.7,1,0,0,2
1,2019,2,11,8,1,35,4.9,-2,1,0,0.61,3.2
1,2019,2,11,8,2,35,4.9,-2,1,0,0.61,4.8
1,2019,2,11,8,3,35,4.9,-2,1,0,0.61,6
1,2019,2,11,9,0,35,4.9,-2,1,0,0.61,7.2
1,2019,2,11,9,1,27,5.8,-1.3,1,0,1.28,8.8
1,2019,2,11,9,2,27,5.8,-1.3,1,0,1.28,9.6
1,2019,2,11,9,3,27,5.8,-1.3,1,0,1.28,10.8
1,2019,2,11,10,0,27,5.8,-1.3,1,0,1.28,12
1,2019,2,11,10,1,27,5.6,0.2,1,0,1.86,12.8
1,2019,2,11,10,2,27,5.6,0.2,1,0,1.86,14
1,2019,2,11,10,3,27,5.6,0.2,1,0,1.86,14.8
1,2019,2,11,11,0,27,5.6,0.2,1,0,1.86,15.2
1,2019,2,11,11,1,24,5.9,1.1,1,0,2.27,15.6
1,2019,2,11,11,2,24,5.9,1.1,1,0,2.27,16
1,2019,2,11,11,3,24,5.9,1.1,1,0,2.27,16.8
1,2019,2,11,12,0,24,5.9,1.1,1,0,2.27,16.8
1,2019,2,11,12,1,21,4.3,3.5,1,0,2.45,17.6
1,2019,2,11,12,2,21,4.3,3.5,1,0,2.45,17.6
1,2019,2,11,12,3,21,4.3,3.5,1,0,2.45,18.4
1,2019,2,11,13,0,21,4.3,3.5,1,0,2.45,17.6
1,2019,2,11,13,1,20,4.8,3.5,1,0,2.39,17.6
1,2019,2,11,13,2,20,4.8,3.5,1,0,2.39,16.8
1,2019,2,11,13,3,20,4.8,3.5,1,0,2.39,16.4
1,2019,2,11,14,0,20,4.8,3.5,1,0,2.39,15.6
1,2019,2,11,14,1,19,4.8,3.4,1,0,2.04,14.8
1,2019,2,11,14,2,19,4.8,3.4,1,0,2.04,14.4
1,2019,2,11,14,3,19,4.8,3.4,1,0,2.04,14
1,2019,2,11,15,0,19,4.8,3.4,1,0,2.04,12.4
1,2019,2,11,15,1,20,4.1,4.5,1,0,1.5,12
1,2019,2,11,15,2,20,4.1,4.5,1,0,1.5,10.8
1,2019,2,11,15,3,20,4.1,4.5,1,0,1.5,9.6
1,2019,2,11,16,0,20,4.1,4.5,1,0,1.5,8.4
1,2019,2,11,16,1,22,4.3,3.8,1,0,0.85,7.2
1,2019,2,11,16,2,22,4.3,3.8,1,0,0.85,5.6
1,2019,2,11,16,3,22,4.3,3.8,1,0,0.85,4
1,2019,2,11,17,0,22,4.3,3.8,1,0,0.85,3.2
1,2019,2,11,17,1,24,3.6,3,1,0,0.18,1.6
1,2019,2,11,17,2,24,3.6,3,1,0,0.18,0.8
1,2019,2,11,17,3,24,3.6,3,1,0,0.18,0.4
1,2019,2,11,18,0,24,3.6,3,1,0,0.18,0
1,2019,2,11,18,1,26,3.1,2.5,2,0,0,0
1,2019,2,11,18,2,26,3.1,2.5,2,0,0,0
1,2019,2,11,18,3,26,3.1,2.5,2,0,0,0
1,2019,2,11,19,0,26,3.1,2.5,2,0,0,0
1,2019,2,11,19,1,27,2.4,1.8,2,0,0,0
1,2019,2,11,19,2,27,2.4,1.8,2,0,0,0
1,2019,2,11,19,3,27,2.4,1.8,2,0,0,0
1,2019,2,11,20,0,27,2.4,1.8,2,0,0,0
1,2019,2,11,20,1,29,1.1,0.9,2,0,0,0
1,2019,2,11,20,2,29,1.1,0.9,2,0,0,0
1,2019,2,11,20,3,29,1.1,0.9,2,0,0,0
1,2019,2,11,21,0,29,1.1,0.9,2,0,0,0
1,2019,2,11,21,1,30,0.7,0.9,3,0,0,0
1,2019,2,11,21,2,30,0.7,0.9,3,0,0,0
1,2019,2,11,21,3,30,0.7,0.9,3,0,0,0
1,2019,2,11,22,0,30,0.7,0.9,3,0,0,0
1,2019,2,11,22,1,29,0.9,-0.2,1,0,0,0
1,2019,2,11,22,2,29,0.9,-0.2,1,0,0,0
1,2019,2,11,22,3,29,0.9,-0.2,1,0,0,0
1,2019,2,11,23,0,29,0.9,-0.2,1,0,0,0
1,2019,2,11,23,1,29,0.9,-0.2,1,0,0,0
1,2019,2,11,23,2,29,0.9,-0.2,1,0,0,0
1,2019,2,11,23,3,29,0.9,-0.2,1,0,0,0
1,2019,2,12,0,0,29,0.9,-0.2,1,0,0,0
1,2019,2,12,0,1,29,2.2,-0.7,1,0,0,0
1,2019,2,12,0,2,29,2.2,-0.7,1,0,0,0
1,2019,2,12,0,3,29,2.2,-0.7,1,0,0,0
1,2019,2,12,1,0,29,2.2,-0.7,1,0,0,0
1,2019,2,12,1,1,33,1.3,-2,1,0,0,0
1,2019,2,12,1,2,33,1.3,-2,1,0,0,0
1,2019,2,12,1,3,33,1.3,-2,1,0,0,0
1,2019,2,12,2,0,33,1.3,-2,1,0,0,0
1,2019,2,12,2,1,44,0.4,-3.3,1,0,0,0
1,2019,2,12,2,2,44,0.4,-3.3,1,0,0,0
1,2019,2,12,2,3,44,0.4,-3.3,1,0,0,0
1,2019,2,12,3,0,44,0.4,-3.3,1,0,0,0
1,2019,2,12,3,1,43,0.5,-3.6,1,0,0,0
1,2019,2,12,3,2,43,0.5,-3.6,1,0,0,0
1,2019,2,12,3,3,43,0.5,-3.6,1,0,0,0
1,2019,2,12,4,0,43,0.5,-3.6,1,0,0,0
1,2019,2,12,4,1,45,1,-3.7,1,0,0,0
1,2019,2,12,4,2,45,1,-3.7,1,0,0,0
1,2019,2,12,4,3,45,1,-3.7,1,0,0,0
1,2019,2,12,5,0,45,1,-3.7,1,0,0,0
1,2019,2,12,5,1,42,0.2,-3.2,1,0,0,0
1,2019,2,12,5,2,42,0.2,-3.2,1,0,0,0
1,2019,2,12,5,3,42,0.2,-3.2,1,0,0,0
1,2019,2,12,6,0,42,0.2,-3.2,1,0,0,0
1,2019,2,12,6,1,49,0.7,-4.5,1,0,0,0
1,2019,2,12,6,2,49,0.7,-4.5,1,0,0,0
1,2019,2,12,6,3,49,0.7,-4.5,1,0,0,0
1,2019,2,12,7,0,49,0.7,-4.5,1,0,0,0
1,2019,2,12,7,1,49,0.4,-3.8,1,0,0.05,0
1,2019,2,12,7,2,49,0.4,-3.8,1,0,0.05,0.4
1,2019,2,12,7,3,49,0.4,-3.8,1,0,0.05,0.8
1,2019,2,12,8,0,49,0.4,-3.8,1,0,0.05,1.6
1,2019,2,12,8,1,44,0.3,-1.5,1,0,0.53,2.8
1,2019,2,12,8,2,44,0.3,-1.5,1,0,0.53,3.6
1,2019,2,12,8,3,44,0.3,-1.5,1,0,0.53,4.8
1,2019,2,12,9,0,44,0.3,-1.5,1,0,0.53,6.4
1,2019,2,12,9,1,38,0.9,0.4,2,0,1.07,7.2
1,2019,2,12,9,2,38,0.9,0.4,2,0,1.07,8.8
1,2019,2,12,9,3,38,0.9,0.4,2,0,1.07,6
1,2019,2,12,10,0,38,0.9,0.4,2,0,1.07,9.2
1,2019,2,12,10,1,37,1.9,2.6,1,0,1.65,10.8
1,2019,2,12,10,2,37,1.9,2.6,1,0,1.65,12
1,2019,2,12,10,3,37,1.9,2.6,1,0,1.65,12.8
1,2019,2,12,11,0,37,1.9,2.6,1,0,1.65,13.6
1,2019,2,12,11,1,34,2.8,3.5,1,0,2.08,14.4
1,2019,2,12,11,2,34,2.8,3.5,1,0,2.08,14.4
1,2019,2,12,11,3,34,2.8,3.5,1,0,2.08,14.4
1,2019,2,12,12,0,34,2.8,3.5,1,0,2.08,15.2
1,2019,2,12,12,1,33,2.1,4.3,1,0,2.3,15.6
1,2019,2,12,12,2,33,2.1,4.3,1,0,2.3,16
1,2019,2,12,12,3,33,2.1,4.3,1,0,2.3,16
1,2019,2,12,13,0,33,2.1,4.3,1,0,2.3,16
1,2019,2,12,13,1,29,3.4,5.4,1,0,2.21,15.6
1,2019,2,12,13,2,29,3.4,5.4,1,0,2.21,15.6
1,2019,2,12,13,3,29,3.4,5.4,1,0,2.21,15.2
1,2019,2,12,14,0,29,3.4,5.4,1,0,2.21,14
1,2019,2,12,14,1,27,3.6,6.2,1,0,1.92,13.6
1,2019,2,12,14,2,27,3.6,6.2,1,0,1.92,12.8
1,2019,2,12,14,3,27,3.6,6.2,1,0,1.92,12.4
1,2019,2,12,15,0,27,3.6,6.2,1,0,1.92,10.8
1,2019,2,12,15,1,28,2.4,5.4,2,0,1.25,10.8
1,2019,2,12,15,2,28,2.4,5.4,2,0,1.25,7.6
1,2019,2,12,15,3,28,2.4,5.4,2,0,1.25,4.4
1,2019,2,12,16,0,28,2.4,5.4,2,0,1.25,4.4
1,2019,2,12,16,1,28,2.1,5.3,3,0,0.63,5.2
1,2019,2,12,16,2,28,2.1,5.3,3,0,0.63,4
1,2019,2,12,16,3,28,2.1,5.3,3,0,0.63,2.4
1,2019,2,12,17,0,28,2.1,5.3,3,0,0.63,1.6
1,2019,2,12,17,1,31,1.7,4.6,3,0,0.15,1.2
1,2019,2,12,17,2,31,1.7,4.6,3,0,0.15,0.4
1,2019,2,12,17,3,31,1.7,4.6,3,0,0.15,0
1,2019,2,12,18,0,31,1.7,4.6,3,0,0.15,0
1,2019,2,12,18,1,33,1.4,4.3,3,0,0,0
1,2019,2,12,18,2,33,1.4,4.3,3,0,0,0
1,2019,2,12,18,3,33,1.4,4.3,3,0,0,0
1,2019,2,12,19,0,33,1.4,4.3,3,0,0,0
1,2019,2,12,19,1,37,0.9,3.3,4,0,0,0
1,2019,2,12,19,2,37,0.9,3.3,4,0,0,0
1,2019,2,12,19,3,37,0.9,3.3,4,0,0,0
1,2019,2,12,20,0,37,0.9,3.3,4,0,0,0
1,2019,2,12,20,1,38,1.4,3.1,3,0,0,0
1,2019,2,12,20,2,38,1.4,3.1,3,0,0,0
1,2019,2,12,20,3,38,1.4,3.1,3,0,0,0
1,2019,2,12,21,0,38,1.4,3.1,3,0,0,0
1,2019,2,12,21,1,39,0.8,3,4,0,0,0
1,2019,2,12,21,2,39,0.8,3,4,0,0,0
1,2019,2,12,21,3,39,0.8,3,4,0,0,0
1,2019,2,12,22,0,39,0.8,3,4,0,0,0
1,2019,2,12,22,1,51,0.6,2,4,0,0,0
1,2019,2,12,22,2,51,0.6,2,4,0,0,0
1,2019,2,12,22,3,51,0.6,2,4,0,0,0
1,2019,2,12,23,0,51,0.6,2,4,0,0,0
1,2019,2,12,23,1,51,0.6,2,4,0,0,0
1,2019,2,12,23,2,51,0.6,2,4,0,0,0
1,2019,2,12,23,3,51,0.6,2,4,0,0,0
